{
    "min": [
        0.0,
        0.0,
        0.0,
        0.0,
        0.0,
        0.0,
        -0.05748447919061853,
        0.0,
        0.0,
        0.0,
        0.0,
        0.0,
        0.0,
        0.0,
        0.0,
        0.0,
        0.0,
        0.0,
        0.0,
        0.0,
        0.0,
        0.0,
        0.0,
        0.0,
        -0.7299270072992701,
        0.0,
        0.0,
        0.0,
        0.0,
        0.0,
        0.0,
        0.0,
        0.0,
        0.0,
        0.0,
        0.0,
        0.0,
        0.0,
        0.0,
        0.0,
        0.0,
        0.0,
        0.0,
        0.0,
        0.0,
        -0.7633587786259541,
        0.0,
        0.0,
        0.0,
        0.0,
        0.0,
        0.0,
        0.0,
        -0.22727272727272727,
        0.0,
        0.0,
        0.0,
        0.0,
        0.0,
        0.0,
        0.0,
        0.0,
        0.0,
        0.0,
        -0.015151515151515152,
        0.0,
        0.0,
        0.0,
        0.0,
        -0.006506254362917964,
        0.0,
        0.0,
        0.0,
        0.0,
        0.0,
        0.0,
        0.0,
        0.0,
        0.0,
        0.0,
        -1.0,
        0.0,
        -0.14606741573033707,
        0.0,
        -0.0009487666034155598,
        0.0,
        0.0,
        0.0,
        0.0,
        0.0,
        0.0,
        0.0,
        0.0,
        -0.003105590062111801,
        0.0,
        0.0,
        0.0,
        0.0,
        -7.859188393199892e-06,
        0.0,
        0.0,
        0.0,
        0.0,
        0.0,
        0.0,
        -0.2,
        0.0,
        0.0,
        0.0,
        0.0,
        0.0,
        0.0
    ],
    "scale": [
        0.1111111111111111,
        0.0003136762860727729,
        0.09090909090909091,
        0.1,
        0.015151515151515152,
        0.08333333333333333,
        5.7484479190618535e-05,
        0.0002075778272419343,
        1.8140589569160997e-05,
        1.5655630914587282e-05,
        0.003105590062111801,
        1.8140589569160997e-05,
        1.5655630914587282e-05,
        0.09090909090909091,
        1.8140589569160997e-05,
        1.8140589569160997e-05,
        0.2,
        1.5655630914587282e-05,
        6.25e-06,
        1.153190242244728e-05,
        0.0004438526409232135,
        0.08333333333333333,
        0.0003136762860727729,
        0.00030703101013202335,
        0.0072992700729927005,
        0.04,
        9.838646202282566e-06,
        6.25e-06,
        0.08333333333333333,
        1.5655630914587282e-05,
        8.264462809917356e-06,
        6.25e-06,
        0.08333333333333333,
        0.25,
        0.0009149130832570906,
        0.06666666666666667,
        0.02127659574468085,
        0.25,
        0.3333333333333333,
        0.045454545454545456,
        0.007936507936507936,
        0.045454545454545456,
        0.0002075778272419343,
        0.09090909090909091,
        1.0,
        0.007633587786259542,
        1.8140589569160997e-05,
        0.00013298102020597254,
        0.3333333333333333,
        0.038461538461538464,
        0.3333333333333333,
        0.03125,
        0.01639344262295082,
        0.0022727272727272726,
        0.25,
        0.5,
        0.008695652173913044,
        0.047619047619047616,
        1.8140589569160997e-05,
        0.1,
        0.3333333333333333,
        9.838646202282566e-06,
        9.191176470588234e-06,
        0.2,
        0.015151515151515152,
        0.0028653295128939827,
        0.3333333333333333,
        0.0003002101471029721,
        0.2,
        7.530386994118014e-08,
        0.0015625,
        1.1019283746556474e-05,
        0.125,
        0.02631578947368421,
        0.25,
        0.058823529411764705,
        0.004761904761904762,
        0.037037037037037035,
        0.0004434589800443459,
        0.1111111111111111,
        1.0,
        0.00017571604287471446,
        0.011235955056179775,
        0.0030959752321981426,
        0.0009487666034155598,
        1.5655630914587282e-05,
        0.014705882352941176,
        0.015151515151515152,
        0.011363636363636364,
        0.020833333333333332,
        9.838646202282566e-06,
        0.010526315789473684,
        0.08333333333333333,
        0.003105590062111801,
        0.00021344717182497332,
        0.022222222222222223,
        1.1019283746556474e-05,
        0.0004438526409232135,
        3.131150754262905e-05,
        0.25,
        0.25,
        1.1019283746556474e-05,
        1.8140589569160997e-05,
        0.3333333333333333,
        0.03571428571428571,
        0.002,
        0.25,
        0.03225806451612903,
        0.5,
        0.0003427004797806717,
        9.191176470588234e-06,
        0.0006997900629811056
    ],
    "data_min": [
        0.0,
        0.0,
        0.0,
        0.0,
        0.0,
        0.0,
        1000.0,
        0.0,
        0.0,
        0.0,
        0.0,
        0.0,
        0.0,
        0.0,
        0.0,
        0.0,
        0.0,
        0.0,
        0.0,
        0.0,
        0.0,
        0.0,
        0.0,
        0.0,
        100.0,
        0.0,
        0.0,
        0.0,
        0.0,
        0.0,
        0.0,
        0.0,
        0.0,
        0.0,
        0.0,
        0.0,
        0.0,
        0.0,
        0.0,
        0.0,
        0.0,
        0.0,
        0.0,
        0.0,
        0.0,
        100.0,
        0.0,
        0.0,
        0.0,
        0.0,
        0.0,
        0.0,
        0.0,
        100.0,
        0.0,
        0.0,
        0.0,
        0.0,
        0.0,
        0.0,
        0.0,
        0.0,
        0.0,
        0.0,
        1.0,
        0.0,
        0.0,
        0.0,
        0.0,
        86400.0,
        0.0,
        0.0,
        0.0,
        0.0,
        0.0,
        0.0,
        0.0,
        0.0,
        0.0,
        0.0,
        1.0,
        0.0,
        13.0,
        0.0,
        1.0,
        0.0,
        0.0,
        0.0,
        0.0,
        0.0,
        0.0,
        0.0,
        0.0,
        1.0,
        0.0,
        0.0,
        0.0,
        0.0,
        0.251,
        0.0,
        0.0,
        0.0,
        0.0,
        0.0,
        0.0,
        100.0,
        0.0,
        0.0,
        0.0,
        0.0,
        0.0,
        0.0
    ],
    "data_max": [
        9.0,
        3188.0,
        11.0,
        10.0,
        66.0,
        12.0,
        18396.0,
        4817.47021484375,
        55125.0,
        63874.78125,
        322.0,
        55125.0,
        63874.78125,
        11.0,
        55125.0,
        55125.0,
        5.0,
        63874.78125,
        160000.0,
        86715.9609375,
        2253.0,
        12.0,
        3188.0,
        3257.0,
        237.0,
        25.0,
        101640.0,
        160000.0,
        12.0,
        63874.78125,
        121000.0,
        160000.0,
        12.0,
        4.0,
        1093.0,
        15.0,
        47.0,
        4.0,
        3.0,
        22.0,
        126.0,
        22.0,
        4817.47021484375,
        11.0,
        1.0,
        231.0,
        55125.0,
        7519.8701171875,
        3.0,
        26.0,
        3.0,
        32.0,
        61.0,
        540.0,
        4.0,
        2.0,
        115.0,
        21.0,
        55125.0,
        10.0,
        3.0,
        101640.0,
        108800.0,
        5.0,
        67.0,
        349.0,
        3.0,
        3331.0,
        5.0,
        13365930.0,
        640.0,
        90750.0,
        8.0,
        38.0,
        4.0,
        17.0,
        210.0,
        27.0,
        2255.0,
        9.0,
        2.0,
        5691.0,
        102.0,
        323.0,
        1055.0,
        63874.78125,
        68.0,
        66.0,
        88.0,
        48.0,
        101640.0,
        95.0,
        12.0,
        323.0,
        4685.0,
        45.0,
        90750.0,
        2253.0,
        31937.391,
        4.0,
        4.0,
        90750.0,
        55125.0,
        3.0,
        28.0,
        600.0,
        4.0,
        31.0,
        2.0,
        2918.0,
        108800.0,
        1429.0
    ],